ItemName,Time,Comment,Score,Assess
贝因美(Beingmate) 金装爱+ 幼儿配方奶粉 3段(12-36个月幼儿适用) 1000克,2018-01-25,生产日期怎么总是倒退发货，一会2017年8月24.一会又2017年8月8日，还是不会先进先出原则么，怎么让我们放心产品质量，难道厂家还会穿越时间，制作倒退时间出产品,5,好评
贝因美(Beingmate) 金装爱+ 幼儿配方奶粉 3段(12-36个月幼儿适用) 1000克,2018-01-25,第一次买400克的不知道好不好,5,好评
贝因美(Beingmate) 金装爱+ 幼儿配方奶粉 3段(12-36个月幼儿适用) 1000克,2018-01-25,一直以来都是这样的买入奶粉，好喝不贵,5,好评
贝因美(Beingmate) 金装爱+ 幼儿配方奶粉 3段(12-36个月幼儿适用) 1000克,2018-01-25,原来买的挺好，这两次给的日期都太靠后,5,好评
贝因美(Beingmate) 金装爱+ 幼儿配方奶粉 3段(12-36个月幼儿适用) 1000克,2018-01-25,一直买的，希望一直很好,5,好评
贝因美(Beingmate) 金装爱+ 幼儿配方奶粉 3段(12-36个月幼儿适用) 1000克,2018-01-25,你们的产品质检问题做的一切都好，希望一直保持这样我们大家都会一直支持支持你们的产品和品牌。所以才会给个好评,5,好评
贝因美(Beingmate) 金装爱+ 幼儿配方奶粉 3段(12-36个月幼儿适用) 1000克,2018-01-25,买了好多了，如果送东西就更好了，可惜不送东西，要是送东西就好了,5,好评
贝因美(Beingmate) 金装爱+ 幼儿配方奶粉 3段(12-36个月幼儿适用) 1000克,2018-01-25,宝宝一直在喝这个牌子的奶粉，一如既往的好！,5,好评
贝因美(Beingmate) 金装爱+ 幼儿配方奶粉 3段(12-36个月幼儿适用) 1000克,2018-01-25,正品，宝宝两周了一直都是京东自营，比在育婴店便宜了好多,5,好评
贝因美(Beingmate) 金装爱+ 幼儿配方奶粉 3段(12-36个月幼儿适用) 1000克,2018-01-25,超赞，日期新鲜值得信赖，宝宝很喜欢,5,好评
贝因美(Beingmate) 金装爱+ 幼儿配方奶粉 3段(12-36个月幼儿适用) 1000克,2018-01-25,品质和超市的一样，价格比超市便宜多了！,5,好评
贝因美(Beingmate) 金装爱+ 幼儿配方奶粉 3段(12-36个月幼儿适用) 1000克,2018-01-25,我很喜欢京东自营的东西，每次都是给我送到家了。,5,好评
贝因美(Beingmate) 金装爱+ 幼儿配方奶粉 3段(12-36个月幼儿适用) 1000克,2018-01-25,每次我都是从京东里给宝宝买的，买一年多了，京东里的东西比实体店便宜的多，没有假奶粉，我买的放心，因为信任京东。,5,好评
贝因美(Beingmate) 金装爱+ 幼儿配方奶粉 3段(12-36个月幼儿适用) 1000克,2018-01-25,宝宝喝这个奶粉挺好的，之前喝完达山奶粉便干，这个很好。,5,好评
贝因美(Beingmate) 金装爱+ 幼儿配方奶粉 3段(12-36个月幼儿适用) 1000克,2018-01-25,还是京东的东西看着可靠，6罐就是原包装出厂的样子，?上的包装看上去就不放心！,5,好评
贝因美(Beingmate) 金装爱+ 幼儿配方奶粉 3段(12-36个月幼儿适用) 1000克,2018-01-25,很好&hellip;宝宝喜欢吃，是正品&hellip;还会继续购买！,5,好评
贝因美(Beingmate) 金装爱+ 幼儿配方奶粉 3段(12-36个月幼儿适用) 1000克,2018-01-25,和以前一样一样一样一样。,5,好评
贝因美(Beingmate) 金装爱+ 幼儿配方奶粉 3段(12-36个月幼儿适用) 1000克,2018-01-25,宝宝没有奶粉了，先买一罐，尝尝这个奶粉，试试怎么样？宝宝喝着感觉挺好的，然后马上下手，再多买几罐给宝宝存着,5,好评
贝因美(Beingmate) 金装爱+ 幼儿配方奶粉 3段(12-36个月幼儿适用) 1000克,2018-01-25,原来喝的进口的，确实这个人工奶味比较大，比进口的甜，嗯,5,好评
贝因美(Beingmate) 金装爱+ 幼儿配方奶粉 3段(12-36个月幼儿适用) 1000克,2018-01-25,一直给孩子喝，每次都是从京东买，方便快捷,5,好评
贝因美(Beingmate) 金装爱+ 幼儿配方奶粉 3段(12-36个月幼儿适用) 1000克,2018-01-25,是正品，宝宝一直喝这个，店里已经换包装了，不知道以后还能买的到。,5,好评
贝因美(Beingmate) 金装爱+ 幼儿配方奶粉 3段(12-36个月幼儿适用) 1000克,2018-01-25,不错，一直在吃，不管难得送了一次玩具。。。。,5,好评
贝因美(Beingmate) 金装爱+ 幼儿配方奶粉 3段(12-36个月幼儿适用) 1000克,2018-01-25,好用户数字电视柜员村,5,好评
贝因美(Beingmate) 金装爱+ 幼儿配方奶粉 3段(12-36个月幼儿适用) 1000克,2018-01-25,之前一直喝这个奶粉都是在实体店买的，现在在京东买看看怎么样,5,好评
贝因美(Beingmate) 金装爱+ 幼儿配方奶粉 3段(12-36个月幼儿适用) 1000克,2018-01-25,包装挺好，日期也挺新的，我家宝宝一直喝这个牌子，比在孕婴店便宜好多,5,好评
贝因美(Beingmate) 金装爱+ 幼儿配方奶粉 3段(12-36个月幼儿适用) 1000克,2018-01-25,很不错，一直在吃这个牌子的奶粉，怎么才能凑够啊,5,好评
贝因美(Beingmate) 金装爱+ 幼儿配方奶粉 3段(12-36个月幼儿适用) 1000克,2018-01-25,宝宝吃惯这个牌子，很不错?,5,好评
贝因美(Beingmate) 金装爱+ 幼儿配方奶粉 3段(12-36个月幼儿适用) 1000克,2018-01-25,还可以，一直吃的贝因美奶粉，孩子很爱喝，放心购买。,5,好评
贝因美(Beingmate) 金装爱+ 幼儿配方奶粉 3段(12-36个月幼儿适用) 1000克,2018-01-25,不错的，只是孩子依然不爱吃奶粉，哈哈,5,好评
贝因美(Beingmate) 金装爱+ 幼儿配方奶粉 3段(12-36个月幼儿适用) 1000克,2018-01-25,物流快服务号质量有保证,5,好评
贝因美(Beingmate) 金装爱+ 幼儿配方奶粉 3段(12-36个月幼儿适用) 1000克,2018-01-25,这个配方奶粉比合生元的还要好！?宝宝爱喝,5,好评
贝因美(Beingmate) 金装爱+ 幼儿配方奶粉 3段(12-36个月幼儿适用) 1000克,2018-01-25,昨天晚上下单，今天中午就收到，太给力了。,5,好评
贝因美(Beingmate) 金装爱+ 幼儿配方奶粉 3段(12-36个月幼儿适用) 1000克,2018-01-25,经常买这个奶粉，我儿子喜欢喝。,5,好评
贝因美(Beingmate) 金装爱+ 幼儿配方奶粉 3段(12-36个月幼儿适用) 1000克,2018-01-25,老顾客了，一如既往的好。,5,好评
贝因美(Beingmate) 金装爱+ 幼儿配方奶粉 3段(12-36个月幼儿适用) 1000克,2018-01-25,宝宝一直喝的这个牌子,5,好评
贝因美(Beingmate) 金装爱+ 幼儿配方奶粉 3段(12-36个月幼儿适用) 1000克,2018-01-25,一直喝这个牌子的奶粉，宝贝喜欢。,5,好评
贝因美(Beingmate) 金装爱+ 幼儿配方奶粉 3段(12-36个月幼儿适用) 1000克,2018-01-25,没有100％进口原料的字了，原来积分298分，现在只有50分了！,5,好评
贝因美(Beingmate) 金装爱+ 幼儿配方奶粉 3段(12-36个月幼儿适用) 1000克,2018-01-25,挺好的，宝宝一直喝的都是这款产品，真的挺好,5,好评
贝因美(Beingmate) 金装爱+ 幼儿配方奶粉 3段(12-36个月幼儿适用) 1000克,2018-01-25,宝宝一直喝这个牌子的奶粉，说dha含量高，所以一直在买。。。。。。,5,好评
贝因美(Beingmate) 金装爱+ 幼儿配方奶粉 3段(12-36个月幼儿适用) 1000克,2018-01-25,产品很好，是正品，比实体店便宜多了，。大家可以放心购买，以后就从这家买了。,5,好评
贝因美(Beingmate) 金装爱+ 幼儿配方奶粉 3段(12-36个月幼儿适用) 1000克,2018-01-25,质量很好，是正品，价格也实惠，大赞,5,好评
贝因美(Beingmate) 金装爱+ 幼儿配方奶粉 3段(12-36个月幼儿适用) 1000克,2018-01-25,价廉物美，物流速度快，快递员服务好。,5,好评
贝因美(Beingmate) 金装爱+ 幼儿配方奶粉 3段(12-36个月幼儿适用) 1000克,2018-01-25,很袖珍，以前买过900克的，宝宝喜欢喝。,5,好评
贝因美(Beingmate) 金装爱+ 幼儿配方奶粉 3段(12-36个月幼儿适用) 1000克,2018-01-25,宝宝一直在喝，身体很好，信赖京东,5,好评
贝因美(Beingmate) 金装爱+ 幼儿配方奶粉 3段(12-36个月幼儿适用) 1000克,2018-01-25,一直给宝宝买的这个牌子，是正品购买,5,好评
贝因美(Beingmate) 金装爱+ 幼儿配方奶粉 3段(12-36个月幼儿适用) 1000克,2018-01-25,宝宝一直喝这个  感觉挺好的,5,好评
贝因美(Beingmate) 金装爱+ 幼儿配方奶粉 3段(12-36个月幼儿适用) 1000克,2018-01-25,孩子很喜欢喝，还会再次光顾,5,好评
贝因美(Beingmate) 金装爱+ 幼儿配方奶粉 3段(12-36个月幼儿适用) 1000克,2018-01-25,不错孩子喜欢喝，大品牌值得信任,5,好评
贝因美(Beingmate) 金装爱+ 幼儿配方奶粉 3段(12-36个月幼儿适用) 1000克,2018-01-25,收到了挺好的，派送速度很快，质量很好正好有活动太划算了，京东还是值得信赖的。很满意,5,好评
贝因美(Beingmate) 金装爱+ 幼儿配方奶粉 3段(12-36个月幼儿适用) 1000克,2018-01-25,质量值得信赖，快递速度超快！！,5,好评
贝因美(Beingmate) 金装爱+ 幼儿配方奶粉 3段(12-36个月幼儿适用) 1000克,2018-01-25,反正买了好多次了，一直很好，价格实惠,5,好评
贝因美(Beingmate) 金装爱+ 幼儿配方奶粉 3段(12-36个月幼儿适用) 1000克,2018-01-25,还没吃   囤着过年的   不过积分好少   一罐只能兑50积分了以前都306积分的,5,好评
贝因美(Beingmate) 金装爱+ 幼儿配方奶粉 3段(12-36个月幼儿适用) 1000克,2018-01-25,很不错的宝贝，宝宝很喜欢，好评！,5,好评
贝因美(Beingmate) 金装爱+ 幼儿配方奶粉 3段(12-36个月幼儿适用) 1000克,2018-01-25,从大宝到二宝都是吃这个牌子的，不上火,5,好评
贝因美(Beingmate) 金装爱+ 幼儿配方奶粉 3段(12-36个月幼儿适用) 1000克,2018-01-25,东西很好，一直在京东买。一如既往的支持京东。,5,好评
贝因美(Beingmate) 金装爱+ 幼儿配方奶粉 3段(12-36个月幼儿适用) 1000克,2018-01-25,质量好，送得很快，快递小哥很热情,5,好评
贝因美(Beingmate) 金装爱+ 幼儿配方奶粉 3段(12-36个月幼儿适用) 1000克,2018-01-25,一直在喝这个牌子的，挺好的?,5,好评
贝因美(Beingmate) 金装爱+ 幼儿配方奶粉 3段(12-36个月幼儿适用) 1000克,2018-01-24,宝宝很喜欢，感觉这次活动比上次还要便宜一点哦，准备明天再次下单买6罐。希望商家给点优惠券哦。,5,好评
贝因美(Beingmate) 金装爱+ 幼儿配方奶粉 3段(12-36个月幼儿适用) 1000克,2018-01-24,第n次买了，宝宝喜欢，值得信赖。很容易就冲好，完全不会结块,5,好评
贝因美(Beingmate) 金装爱+ 幼儿配方奶粉 3段(12-36个月幼儿适用) 1000克,2018-01-24,不错，一直买鞋个奶粉，快递也很快，送货上门，连电话都没打，就送上来了。?,5,好评
贝因美(Beingmate) 金装爱+ 幼儿配方奶粉 3段(12-36个月幼儿适用) 1000克,2018-01-24,一如既往的好，宝宝很爱吃,5,好评
贝因美(Beingmate) 金装爱+ 幼儿配方奶粉 3段(12-36个月幼儿适用) 1000克,2018-01-24,刚刚才喝，具体等补评！,5,好评
贝因美(Beingmate) 金装爱+ 幼儿配方奶粉 3段(12-36个月幼儿适用) 1000克,2018-01-24,东西还行，就是价格浮动挺大,5,好评
贝因美(Beingmate) 金装爱+ 幼儿配方奶粉 3段(12-36个月幼儿适用) 1000克,2018-01-24,N次购买了，闺女一直吃的贝因美的，感觉品牌还可以，大众可以接受！价格比超市便宜多了！,5,好评
贝因美(Beingmate) 金装爱+ 幼儿配方奶粉 3段(12-36个月幼儿适用) 1000克,2018-01-24,没的说好好好    宝宝一直都在吃,5,好评
贝因美(Beingmate) 金装爱+ 幼儿配方奶粉 3段(12-36个月幼儿适用) 1000克,2018-01-24,不错的产品，宝宝一直都是吃这个品牌！建议大家可以购买！,5,好评
贝因美(Beingmate) 金装爱+ 幼儿配方奶粉 3段(12-36个月幼儿适用) 1000克,2018-01-24,买多才有优惠，不错不错,5,好评
贝因美(Beingmate) 金装爱+ 幼儿配方奶粉 3段(12-36个月幼儿适用) 1000克,2018-01-24,实惠快捷，京东首选&hellip;这款奶粉还可以,5,好评
贝因美(Beingmate) 金装爱+ 幼儿配方奶粉 3段(12-36个月幼儿适用) 1000克,2018-01-24,宝宝从小就一直喝这个，味道比较淡,5,好评
贝因美(Beingmate) 金装爱+ 幼儿配方奶粉 3段(12-36个月幼儿适用) 1000克,2018-01-24,宝宝一直喝贝因美奶粉，宝宝爱喝，京东卖的又经济实惠,5,好评
贝因美(Beingmate) 金装爱+ 幼儿配方奶粉 3段(12-36个月幼儿适用) 1000克,2018-01-24,此用户未填写评价内容,5,好评
贝因美(Beingmate) 金装爱+ 幼儿配方奶粉 3段(12-36个月幼儿适用) 1000克,2018-01-24,不错的奶粉，买好几回了。,5,好评
贝因美(Beingmate) 金装爱+ 幼儿配方奶粉 3段(12-36个月幼儿适用) 1000克,2018-01-24,竟然直接塑料带一装，连个箱子都没有。呵呵哒，还京东自营。,1,差评
贝因美(Beingmate) 金装爱+ 幼儿配方奶粉 3段(12-36个月幼儿适用) 1000克,2018-01-24,东西不错，物流也很快，好,5,好评
贝因美(Beingmate) 金装爱+ 幼儿配方奶粉 3段(12-36个月幼儿适用) 1000克,2018-01-24,已经购买很多次了，这次买一箱有优惠,5,好评
贝因美(Beingmate) 金装爱+ 幼儿配方奶粉 3段(12-36个月幼儿适用) 1000克,2018-01-24,快递很快，上午十点下的单下午四点就送到家了,5,好评
贝因美(Beingmate) 金装爱+ 幼儿配方奶粉 3段(12-36个月幼儿适用) 1000克,2018-01-24,一直买这个牌子，值得信赖,5,好评
贝因美(Beingmate) 金装爱+ 幼儿配方奶粉 3段(12-36个月幼儿适用) 1000克,2018-01-24,发的什么快递，都还没拿到，怎么显示已经收货了?,5,好评
贝因美(Beingmate) 金装爱+ 幼儿配方奶粉 3段(12-36个月幼儿适用) 1000克,2018-01-24,京东自营产品给力，送货上门  继续支持,5,好评
贝因美(Beingmate) 金装爱+ 幼儿配方奶粉 3段(12-36个月幼儿适用) 1000克,2018-01-24,送货快 服务好 热情周到！！正品放心用很好用！！,5,好评
贝因美(Beingmate) 金装爱+ 幼儿配方奶粉 3段(12-36个月幼儿适用) 1000克,2018-01-24,送货快 服务好 热情周到！！正品放心用很好用！！,5,好评
贝因美(Beingmate) 金装爱+ 幼儿配方奶粉 3段(12-36个月幼儿适用) 1000克,2018-01-24,唉，价格跟你家投资的房地产一样，越来越高，算了，转别的奶粉了。,5,好评
贝因美(Beingmate) 金装爱+ 幼儿配方奶粉 3段(12-36个月幼儿适用) 1000克,2018-01-24,宝宝很喜欢喝，喝起来味道很香。好评五分！,5,好评
贝因美(Beingmate) 金装爱+ 幼儿配方奶粉 3段(12-36个月幼儿适用) 1000克,2018-01-24,是正品哦，我家宝宝一直都是在喝贝因美的，,5,好评
贝因美(Beingmate) 金装爱+ 幼儿配方奶粉 3段(12-36个月幼儿适用) 1000克,2018-01-24,我家孩子1岁5个月，吃了过敏，脸上身上起红疙瘩,1,差评
贝因美(Beingmate) 金装爱+ 幼儿配方奶粉 3段(12-36个月幼儿适用) 1000克,2018-01-24,宝宝一直在吃，是正品，不错,5,好评
贝因美(Beingmate) 金装爱+ 幼儿配方奶粉 3段(12-36个月幼儿适用) 1000克,2018-01-24,我家孩子一直喝这个牌子，挺不错的。而且比超市便宜的多,5,好评
贝因美(Beingmate) 金装爱+ 幼儿配方奶粉 3段(12-36个月幼儿适用) 1000克,2018-01-24,大品牌值得信赖，5分！宝宝一直吃的这个，物流也杠杠的！,5,好评
贝因美(Beingmate) 金装爱+ 幼儿配方奶粉 3段(12-36个月幼儿适用) 1000克,2018-01-24,包装没有到位，导致罐体有坑洼，是不是该考虑包装用点那种气垫，我以前买的奶粉都有防碰的东西，,5,好评
贝因美(Beingmate) 金装爱+ 幼儿配方奶粉 3段(12-36个月幼儿适用) 1000克,2018-01-24,一直都在吃   挺好的,5,好评
贝因美(Beingmate) 金装爱+ 幼儿配方奶粉 3段(12-36个月幼儿适用) 1000克,2018-01-24,包装破啦，还没有使用！,5,好评
贝因美(Beingmate) 金装爱+ 幼儿配方奶粉 3段(12-36个月幼儿适用) 1000克,2018-01-24,宝宝一直吃这个奶粉，不错,5,好评
贝因美(Beingmate) 金装爱+ 幼儿配方奶粉 3段(12-36个月幼儿适用) 1000克,2018-01-24,一直喝这款，感觉很不错，京东自营的，喝的放心！,5,好评
贝因美(Beingmate) 金装爱+ 幼儿配方奶粉 3段(12-36个月幼儿适用) 1000克,2018-01-24,物流很给力，宝贝很快就收到了，小宝喜欢喝贝因美奶粉！,5,好评
贝因美(Beingmate) 金装爱+ 幼儿配方奶粉 3段(12-36个月幼儿适用) 1000克,2018-01-24,奶粉不错，是正品的来,5,好评
贝因美(Beingmate) 金装爱+ 幼儿配方奶粉 3段(12-36个月幼儿适用) 1000克,2018-01-24,包装不错比超市也便宜很多！宝宝也一直喝着不错！,5,好评
贝因美(Beingmate) 金装爱+ 幼儿配方奶粉 3段(12-36个月幼儿适用) 1000克,2018-01-24,目前还不知道，等宝宝吃了吗以后再来评论吧,5,好评
贝因美(Beingmate) 金装爱+ 幼儿配方奶粉 3段(12-36个月幼儿适用) 1000克,2018-01-24,东西不错，一直都在这里买,5,好评
贝因美(Beingmate) 金装爱+ 幼儿配方奶粉 3段(12-36个月幼儿适用) 1000克,2018-01-24,一直贝因美，放心的国产奶粉。物美。,5,好评
贝因美(Beingmate) 金装爱+ 幼儿配方奶粉 3段(12-36个月幼儿适用) 1000克,2018-01-24,闺女一直喝这个奶粉，不错的！下次还会光顾！,5,好评
贝因美(Beingmate) 金装爱+ 幼儿配方奶粉 3段(12-36个月幼儿适用) 1000克,2018-01-24,大宝小宝一直喝这个品牌的奶粉，发货超快,5,好评
贝因美(Beingmate) 金装爱+ 幼儿配方奶粉 3段(12-36个月幼儿适用) 1000克,2018-01-24,儿子只喝贝因美啊，多次购买了,5,好评
贝因美(Beingmate) 金装爱+ 幼儿配方奶粉 3段(12-36个月幼儿适用) 1000克,2018-01-24,孩子一直喝这个品牌，京东确实方便、实惠,5,好评
贝因美(Beingmate) 金装爱+ 幼儿配方奶粉 3段(12-36个月幼儿适用) 1000克,2018-01-24,帮朋友买的，具体怎么样也不是很清楚,5,好评
贝因美(Beingmate) 金装爱+ 幼儿配方奶粉 3段(12-36个月幼儿适用) 1000克,2018-01-24,东西非常好，购买多次了,5,好评
贝因美(Beingmate) 金装爱+ 幼儿配方奶粉 3段(12-36个月幼儿适用) 1000克,2018-01-24,一直在京东上买这个牌子的奶粉，保证质量，发货快，信赖京东,5,好评
贝因美(Beingmate) 金装爱+ 幼儿配方奶粉 3段(12-36个月幼儿适用) 1000克,2018-01-24,快递很给力，晚上八点下单第二天中午就收到，应该是正品，买了好多次了。,5,好评
贝因美(Beingmate) 金装爱+ 幼儿配方奶粉 3段(12-36个月幼儿适用) 1000克,2018-01-24,换了很多种，宝宝还是喜欢这个味道。,5,好评
贝因美(Beingmate) 金装爱+ 幼儿配方奶粉 3段(12-36个月幼儿适用) 1000克,2018-01-24,还可以，宝宝一直吃的这个奶粉！,5,好评
贝因美(Beingmate) 金装爱+ 幼儿配方奶粉 3段(12-36个月幼儿适用) 1000克,2018-01-24,一直在吃这个牌子的，挺好的,5,好评
贝因美(Beingmate) 金装爱+ 幼儿配方奶粉 3段(12-36个月幼儿适用) 1000克,2018-01-24,一直在吃这个牌子的，挺好的,5,好评
贝因美(Beingmate) 金装爱+ 幼儿配方奶粉 3段(12-36个月幼儿适用) 1000克,2018-01-24,买了很多次了，相信京东，好评！,5,好评
贝因美(Beingmate) 金装爱+ 幼儿配方奶粉 3段(12-36个月幼儿适用) 1000克,2018-01-24,产品质量特别好，值得购买哦！,5,好评
贝因美(Beingmate) 金装爱+ 幼儿配方奶粉 3段(12-36个月幼儿适用) 1000克,2018-01-24,产品质量特别好，值得购买哦！,5,好评
贝因美(Beingmate) 金装爱+ 幼儿配方奶粉 3段(12-36个月幼儿适用) 1000克,2018-01-24,宝宝一直喝的这种，洋奶粉倒不喝,5,好评
贝因美(Beingmate) 金装爱+ 幼儿配方奶粉 3段(12-36个月幼儿适用) 1000克,2018-01-24,不错，一直都在用。希望以后能做的更好。,5,好评
贝因美(Beingmate) 金装爱+ 幼儿配方奶粉 3段(12-36个月幼儿适用) 1000克,2018-01-24,孩子一直都是吃的这个奶粉，挺好的，物流也很快,5,好评
贝因美(Beingmate) 金装爱+ 幼儿配方奶粉 3段(12-36个月幼儿适用) 1000克,2018-01-24,一如既往的买这款奶粉，儿子从出生就是吃这款，很喜欢吃,5,好评
贝因美(Beingmate) 金装爱+ 幼儿配方奶粉 3段(12-36个月幼儿适用) 1000克,2018-01-24,奶粉早收到了，是正品，宝宝爱喝，价格实惠，满意！,5,好评
贝因美(Beingmate) 金装爱+ 幼儿配方奶粉 3段(12-36个月幼儿适用) 1000克,2018-01-24,奶粉挺好的俺儿一断奶就在京东上买，现在都喝一年了，俺儿现在还喝会在京东继续买的好评,5,好评
贝因美(Beingmate) 金装爱+ 幼儿配方奶粉 3段(12-36个月幼儿适用) 1000克,2018-01-24,一直都喝此奶粉，嘿嘿嘿?,5,好评
贝因美(Beingmate) 金装爱+ 幼儿配方奶粉 3段(12-36个月幼儿适用) 1000克,2018-01-24,日期还不错，儿子很喜欢这个口味的，多次购买这个品牌了！认证过，应该是正品的奶粉！,5,好评
贝因美(Beingmate) 金装爱+ 幼儿配方奶粉 3段(12-36个月幼儿适用) 1000克,2018-01-24,奶粉不错，孩子很喜欢的非常满意,5,好评
贝因美(Beingmate) 金装爱+ 幼儿配方奶粉 3段(12-36个月幼儿适用) 1000克,2018-01-24,货已经收到，货运一如既往快。第二天就收到了。没有破损。京东！值得信赖。,5,好评
贝因美(Beingmate) 金装爱+ 幼儿配方奶粉 3段(12-36个月幼儿适用) 1000克,2018-01-24,上次买的900克的，不知道什么原因宝宝喝了嘴巴周围起了很多红色的点点，1000克的就没事，这次在京东自营果断的买了1000克的,5,好评
贝因美(Beingmate) 金装爱+ 幼儿配方奶粉 3段(12-36个月幼儿适用) 1000克,2018-01-24,我一直都用这个牌子谢谢,5,好评
贝因美(Beingmate) 金装爱+ 幼儿配方奶粉 3段(12-36个月幼儿适用) 1000克,2018-01-24,一直喝这个系列的，挺不错的,5,好评
贝因美(Beingmate) 金装爱+ 幼儿配方奶粉 3段(12-36个月幼儿适用) 1000克,2018-01-24,质量很好下次还够买买，。,5,好评
贝因美(Beingmate) 金装爱+ 幼儿配方奶粉 3段(12-36个月幼儿适用) 1000克,2018-01-24,以前不知道京东超市可以买！确实比实体店便宜很多！是正品！,5,好评
贝因美(Beingmate) 金装爱+ 幼儿配方奶粉 3段(12-36个月幼儿适用) 1000克,2018-01-24,一直狠信赖贝因美奶粉,5,好评
贝因美(Beingmate) 金装爱+ 幼儿配方奶粉 3段(12-36个月幼儿适用) 1000克,2018-01-23,长期喝这个奶粉的。满意，正品,5,好评
贝因美(Beingmate) 金装爱+ 幼儿配方奶粉 3段(12-36个月幼儿适用) 1000克,2018-01-23,搞活动赶紧多买几桶，孩子爱喝,5,好评
贝因美(Beingmate) 金装爱+ 幼儿配方奶粉 3段(12-36个月幼儿适用) 1000克,2018-01-23,好小的一罐奶粉，方便携带！,5,好评
贝因美(Beingmate) 金装爱+ 幼儿配方奶粉 3段(12-36个月幼儿适用) 1000克,2018-01-23,一直喝的这个奶粉，不过这个奶粉好像比别家的奶粉要容易化一些，别家的奶粉得摇很久才能化，而这个奶粉感觉都不用摇就自己融化了,4,中评
贝因美(Beingmate) 金装爱+ 幼儿配方奶粉 3段(12-36个月幼儿适用) 1000克,2018-01-23,宝宝一直喝的这个奶粉，很好，不上火。京东买很方便也实惠,5,好评
贝因美(Beingmate) 金装爱+ 幼儿配方奶粉 3段(12-36个月幼儿适用) 1000克,2018-01-23,宝宝一直喝的这个奶粉，很好，不上火。京东买很方便也实惠,5,好评
贝因美(Beingmate) 金装爱+ 幼儿配方奶粉 3段(12-36个月幼儿适用) 1000克,2018-01-23,京东发货超级快，正品保真，经济实惠，送货上门，满意,5,好评
贝因美(Beingmate) 金装爱+ 幼儿配方奶粉 3段(12-36个月幼儿适用) 1000克,2018-01-23,物流很快，非常完美。,5,好评
贝因美(Beingmate) 金装爱+ 幼儿配方奶粉 3段(12-36个月幼儿适用) 1000克,2018-01-23,吃了一年多了，京东的发货速度和质量还是比较靠谱的，继续支持,5,好评
贝因美(Beingmate) 金装爱+ 幼儿配方奶粉 3段(12-36个月幼儿适用) 1000克,2018-01-23,很好很实惠，一直相信京东。,5,好评
贝因美(Beingmate) 金装爱+ 幼儿配方奶粉 3段(12-36个月幼儿适用) 1000克,2018-01-23,每次购买都很不错，这次虽然不是本人签收，应该没有问题,5,好评
贝因美(Beingmate) 金装爱+ 幼儿配方奶粉 3段(12-36个月幼儿适用) 1000克,2018-01-23,非常满意，给五颗星。,5,好评
贝因美(Beingmate) 金装爱+ 幼儿配方奶粉 3段(12-36个月幼儿适用) 1000克,2018-01-23,同事推荐的，宝宝还挺喜欢喝，所以多次购买，京东值得信赖！,5,好评
贝因美(Beingmate) 金装爱+ 幼儿配方奶粉 3段(12-36个月幼儿适用) 1000克,2018-01-23,吃的很快。又被吃完了。 还要买 什么时候打折多买,5,好评
贝因美(Beingmate) 金装爱+ 幼儿配方奶粉 3段(12-36个月幼儿适用) 1000克,2018-01-23,第一次买，看配方很好！,5,好评
贝因美(Beingmate) 金装爱+ 幼儿配方奶粉 3段(12-36个月幼儿适用) 1000克,2018-01-23,京东商城这快寄速度没的说，快～这上午下单，下午就送到。攒攒攒,5,好评
贝因美(Beingmate) 金装爱+ 幼儿配方奶粉 3段(12-36个月幼儿适用) 1000克,2018-01-23,物流一如既往的快！奶粉还是原来的包装，好评！！！,5,好评
贝因美(Beingmate) 金装爱+ 幼儿配方奶粉 3段(12-36个月幼儿适用) 1000克,2018-01-23,大品牌一直买这个牌子，宝宝吃的挺好,5,好评
贝因美(Beingmate) 金装爱+ 幼儿配方奶粉 3段(12-36个月幼儿适用) 1000克,2018-01-23,一直喝贝因美奶粉，京东买第二天就到了，超方便,5,好评
贝因美(Beingmate) 金装爱+ 幼儿配方奶粉 3段(12-36个月幼儿适用) 1000克,2018-01-23,还可以，希望店家再接再厉，可以做的更好,5,好评
贝因美(Beingmate) 金装爱+ 幼儿配方奶粉 3段(12-36个月幼儿适用) 1000克,2018-01-23,宝宝一直喝爱+的，很好，没有上火之类的问题,5,好评
贝因美(Beingmate) 金装爱+ 幼儿配方奶粉 3段(12-36个月幼儿适用) 1000克,2018-01-23,买了好多罐，是正品，还会继续买,5,好评
贝因美(Beingmate) 金装爱+ 幼儿配方奶粉 3段(12-36个月幼儿适用) 1000克,2018-01-23,物超所值，送货速度快，以后会急需购买,5,好评
贝因美(Beingmate) 金装爱+ 幼儿配方奶粉 3段(12-36个月幼儿适用) 1000克,2018-01-23,宝宝爱喝，比实体店便宜，送货速度快,5,好评
贝因美(Beingmate) 金装爱+ 幼儿配方奶粉 3段(12-36个月幼儿适用) 1000克,2018-01-23,京东，一如既往的好宝宝爱吃。,5,好评
贝因美(Beingmate) 金装爱+ 幼儿配方奶粉 3段(12-36个月幼儿适用) 1000克,2018-01-23,奶粉很不错，买了好多次了,5,好评
贝因美(Beingmate) 金装爱+ 幼儿配方奶粉 3段(12-36个月幼儿适用) 1000克,2018-01-23,此用户未填写评价内容,5,好评
贝因美(Beingmate) 金装爱+ 幼儿配方奶粉 3段(12-36个月幼儿适用) 1000克,2018-01-23,是正品宝宝，一直喜欢这个牌子的味道，希望能够，更便宜,5,好评
贝因美(Beingmate) 金装爱+ 幼儿配方奶粉 3段(12-36个月幼儿适用) 1000克,2018-01-23,宝宝一直都在喝这牌子的奶粉，而且比实体店便宜很多,5,好评
贝因美(Beingmate) 金装爱+ 幼儿配方奶粉 3段(12-36个月幼儿适用) 1000克,2018-01-23,怒Vuo发听的的不多了 孩子就喝这个味道的,5,好评
贝因美(Beingmate) 金装爱+ 幼儿配方奶粉 3段(12-36个月幼儿适用) 1000克,2018-01-23,好评，宝宝断母乳后只喝这款奶粉，不腥气，宝宝爱喝，肠胃很好，有活动会存货哒，关键快递很快，第二天准时送到,5,好评
贝因美(Beingmate) 金装爱+ 幼儿配方奶粉 3段(12-36个月幼儿适用) 1000克,2018-01-23,第四次京东买奶粉给儿子，希望京东能一直坚持做正品。为了祖国下一代。也希望贝因美一直严控品质,5,好评
贝因美(Beingmate) 金装爱+ 幼儿配方奶粉 3段(12-36个月幼儿适用) 1000克,2018-01-23,和超市的一样，价格还不贵，支持京东自营，还可以送货上门，非常感谢快递师傅,5,好评
贝因美(Beingmate) 金装爱+ 幼儿配方奶粉 3段(12-36个月幼儿适用) 1000克,2018-01-23,快递一如既往的快，验证了一下是正品，可以积分的，味道没有变，跟实体店一样的味道。,5,好评
贝因美(Beingmate) 金装爱+ 幼儿配方奶粉 3段(12-36个月幼儿适用) 1000克,2018-01-23,宝宝一直都是吃这个牌子的奶粉，一直都是在京东上买,5,好评
贝因美(Beingmate) 金装爱+ 幼儿配方奶粉 3段(12-36个月幼儿适用) 1000克,2018-01-23,不知道好不好，还没喝,5,好评
贝因美(Beingmate) 金装爱+ 幼儿配方奶粉 3段(12-36个月幼儿适用) 1000克,2018-01-23,太甜了，小孩不太喜欢,4,中评
贝因美(Beingmate) 金装爱+ 幼儿配方奶粉 3段(12-36个月幼儿适用) 1000克,2018-01-23,此用户未及时评价，系统默认好评。,5,好评
贝因美(Beingmate) 金装爱+ 幼儿配方奶粉 3段(12-36个月幼儿适用) 1000克,2018-01-23,一直在京东上买这款奶粉，不错！以后还会继续回购！,5,好评
贝因美(Beingmate) 金装爱+ 幼儿配方奶粉 3段(12-36个月幼儿适用) 1000克,2018-01-23,一直在京东上买这款奶粉，不错！以后还会继续回购！,5,好评
贝因美(Beingmate) 金装爱+ 幼儿配方奶粉 3段(12-36个月幼儿适用) 1000克,2018-01-23,一直在京东上买这款奶粉，不错！以后还会继续回购！,5,好评
贝因美(Beingmate) 金装爱+ 幼儿配方奶粉 3段(12-36个月幼儿适用) 1000克,2018-01-23,一如既往的好，多次购买了,5,好评
贝因美(Beingmate) 金装爱+ 幼儿配方奶粉 3段(12-36个月幼儿适用) 1000克,2018-01-23,一直在京东上买，孩子一直喝贝因美，挺好！,5,好评
贝因美(Beingmate) 金装爱+ 幼儿配方奶粉 3段(12-36个月幼儿适用) 1000克,2018-01-23,没问题，还是相信京东自营的！,5,好评
贝因美(Beingmate) 金装爱+ 幼儿配方奶粉 3段(12-36个月幼儿适用) 1000克,2018-01-23,东西不错，物流很快，买了多次了,5,好评
贝因美(Beingmate) 金装爱+ 幼儿配方奶粉 3段(12-36个月幼儿适用) 1000克,2018-01-23,一次买买6罐。。。送了小熊车,5,好评
贝因美(Beingmate) 金装爱+ 幼儿配方奶粉 3段(12-36个月幼儿适用) 1000克,2018-01-23,送货挺快的，商品自营有保证，服务上心配送快！,5,好评
贝因美(Beingmate) 金装爱+ 幼儿配方奶粉 3段(12-36个月幼儿适用) 1000克,2018-01-23,很不错的产品，打算再入手2罐，主要是味道很正,5,好评
贝因美(Beingmate) 金装爱+ 幼儿配方奶粉 3段(12-36个月幼儿适用) 1000克,2018-01-23,质量好，送货快，相当满意,5,好评
贝因美(Beingmate) 金装爱+ 幼儿配方奶粉 3段(12-36个月幼儿适用) 1000克,2018-01-23,一直使用，用得不错，,5,好评
贝因美(Beingmate) 金装爱+ 幼儿配方奶粉 3段(12-36个月幼儿适用) 1000克,2018-01-23,先好评，好评，好评，好评。,5,好评
贝因美(Beingmate) 金装爱+ 幼儿配方奶粉 3段(12-36个月幼儿适用) 1000克,2018-01-23,质量好，送货快，非常满意,5,好评
贝因美(Beingmate) 金装爱+ 幼儿配方奶粉 3段(12-36个月幼儿适用) 1000克,2018-01-23,很好，一直在京东买东西,5,好评
贝因美(Beingmate) 金装爱+ 幼儿配方奶粉 3段(12-36个月幼儿适用) 1000克,2018-01-23,很好，一直在京东买东西,5,好评
贝因美(Beingmate) 金装爱+ 幼儿配方奶粉 3段(12-36个月幼儿适用) 1000克,2018-01-23,一直都是吃的这个牌子，非常的好！下次继续光顾,5,好评
贝因美(Beingmate) 金装爱+ 幼儿配方奶粉 3段(12-36个月幼儿适用) 1000克,2018-01-23,第一次购买400g装，不知道怎么样,5,好评
贝因美(Beingmate) 金装爱+ 幼儿配方奶粉 3段(12-36个月幼儿适用) 1000克,2018-01-23,还不错，一直用这个牌子,5,好评
贝因美(Beingmate) 金装爱+ 幼儿配方奶粉 3段(12-36个月幼儿适用) 1000克,2018-01-23,一直在用，支持国产奶粉，也希望国产奶粉越做越好,5,好评
贝因美(Beingmate) 金装爱+ 幼儿配方奶粉 3段(12-36个月幼儿适用) 1000克,2018-01-23,"一直选择贝因美。选择京东超市。
品质好，送货快。满意。",5,好评
贝因美(Beingmate) 金装爱+ 幼儿配方奶粉 3段(12-36个月幼儿适用) 1000克,2018-01-23,不错的，一直买的这个。,5,好评
贝因美(Beingmate) 金装爱+ 幼儿配方奶粉 3段(12-36个月幼儿适用) 1000克,2018-01-23,已经购买过好多次了，不错，快递速度也快，包装也好,5,好评
贝因美(Beingmate) 金装爱+ 幼儿配方奶粉 3段(12-36个月幼儿适用) 1000克,2018-01-23,很好，好评。一直购买这个牌子的。,5,好评
贝因美(Beingmate) 金装爱+ 幼儿配方奶粉 3段(12-36个月幼儿适用) 1000克,2018-01-23,此用户未及时评价，系统默认好评。,5,好评
贝因美(Beingmate) 金装爱+ 幼儿配方奶粉 3段(12-36个月幼儿适用) 1000克,2018-01-23,家里一直吃贝因美系列的奶粉，现在换爱＋试试，儿子看到就叫奶奶！味道不错的，儿子喜欢,5,好评
贝因美(Beingmate) 金装爱+ 幼儿配方奶粉 3段(12-36个月幼儿适用) 1000克,2018-01-23,一直给宝贝吃的这个牌子，没有啦肚子现象,5,好评
贝因美(Beingmate) 金装爱+ 幼儿配方奶粉 3段(12-36个月幼儿适用) 1000克,2018-01-23,我家宝从断奶后一直喝贝因美奶粉，身体一直棒棒的，没问题。,5,好评
贝因美(Beingmate) 金装爱+ 幼儿配方奶粉 3段(12-36个月幼儿适用) 1000克,2018-01-23,一直吃这个～尽管有的网站便宜很多！支持京东！质量第一,5,好评
贝因美(Beingmate) 金装爱+ 幼儿配方奶粉 3段(12-36个月幼儿适用) 1000克,2018-01-23,超级完美，我家宝宝一直都是吃这个，没变过，每次都是来这里买，,5,好评
贝因美(Beingmate) 金装爱+ 幼儿配方奶粉 3段(12-36个月幼儿适用) 1000克,2018-01-23,包装很差，，，服务乜不怎么样&hellip;&hellip;,1,差评
贝因美(Beingmate) 金装爱+ 幼儿配方奶粉 3段(12-36个月幼儿适用) 1000克,2018-01-22,宝宝一直在喝，一直好评！,5,好评
贝因美(Beingmate) 金装爱+ 幼儿配方奶粉 3段(12-36个月幼儿适用) 1000克,2018-01-22,第二次购买，这次买了两桶，,5,好评
贝因美(Beingmate) 金装爱+ 幼儿配方奶粉 3段(12-36个月幼儿适用) 1000克,2018-01-22,质量有保证，宝宝喝的放心,5,好评
贝因美(Beingmate) 金装爱+ 幼儿配方奶粉 3段(12-36个月幼儿适用) 1000克,2018-01-22,宝宝一直信赖的品牌，奶粉不错&hellip;&hellip;,5,好评
贝因美(Beingmate) 金装爱+ 幼儿配方奶粉 3段(12-36个月幼儿适用) 1000克,2018-01-22,满意，比超市便宜太多了，宝宝很喜欢吃，经常光顾！多做活动就更好了！哈哈哈！吃货都喜欢！！！支持京东！,5,好评
贝因美(Beingmate) 金装爱+ 幼儿配方奶粉 3段(12-36个月幼儿适用) 1000克,2018-01-22,包装好，服务好，快递快，质量过硬，下次还要多买一听,5,好评
贝因美(Beingmate) 金装爱+ 幼儿配方奶粉 3段(12-36个月幼儿适用) 1000克,2018-01-22,已经第n次购买了，宝宝一直吃的很好，免疫力很好。还会继续光顾,5,好评
贝因美(Beingmate) 金装爱+ 幼儿配方奶粉 3段(12-36个月幼儿适用) 1000克,2018-01-22,儿子一直喝，挺不错的&hellip;&hellip;推荐一下&hellip;&hellip;,5,好评
贝因美(Beingmate) 金装爱+ 幼儿配方奶粉 3段(12-36个月幼儿适用) 1000克,2018-01-22,产品还好，就是价格讨厌，忽高忽低,5,好评
贝因美(Beingmate) 金装爱+ 幼儿配方奶粉 3段(12-36个月幼儿适用) 1000克,2018-01-22,感觉不错，都买了好几听了。,5,好评
贝因美(Beingmate) 金装爱+ 幼儿配方奶粉 3段(12-36个月幼儿适用) 1000克,2018-01-22,一直在京东买的这个奶粉，已经两年多了，宝宝吃的很好,5,好评
贝因美(Beingmate) 金装爱+ 幼儿配方奶粉 3段(12-36个月幼儿适用) 1000克,2018-01-22,孩子从小就喜欢喝这个牌子的,5,好评
贝因美(Beingmate) 金装爱+ 幼儿配方奶粉 3段(12-36个月幼儿适用) 1000克,2018-01-22,小孩两岁半了一直都在喝这个牛奶，觉得还行吧！支持京东,5,好评
贝因美(Beingmate) 金装爱+ 幼儿配方奶粉 3段(12-36个月幼儿适用) 1000克,2018-01-22,好，一直吃的这种奶粉，不上火,5,好评
贝因美(Beingmate) 金装爱+ 幼儿配方奶粉 3段(12-36个月幼儿适用) 1000克,2018-01-22,看起来repel热了热就热了安全,5,好评
贝因美(Beingmate) 金装爱+ 幼儿配方奶粉 3段(12-36个月幼儿适用) 1000克,2018-01-22,宝贝一岁半了，一直喝贝因美，宝贝很聪明,5,好评
贝因美(Beingmate) 金装爱+ 幼儿配方奶粉 3段(12-36个月幼儿适用) 1000克,2018-01-22,还不错我都买了好多次了，孩子吃了也没有什么副作用,5,好评
贝因美(Beingmate) 金装爱+ 幼儿配方奶粉 3段(12-36个月幼儿适用) 1000克,2018-01-22,经常吃，还不错，快递送货快,5,好评
贝因美(Beingmate) 金装爱+ 幼儿配方奶粉 3段(12-36个月幼儿适用) 1000克,2018-01-22,速度快还不错的可以的，家里有孩子消耗很快,5,好评
贝因美(Beingmate) 金装爱+ 幼儿配方奶粉 3段(12-36个月幼儿适用) 1000克,2018-01-22,不错不错，用过再来追评,5,好评
贝因美(Beingmate) 金装爱+ 幼儿配方奶粉 3段(12-36个月幼儿适用) 1000克,2018-01-22,儿子从断了母乳以后一直吃的都是贝因美爱?，挺好的。,5,好评
贝因美(Beingmate) 金装爱+ 幼儿配方奶粉 3段(12-36个月幼儿适用) 1000克,2018-01-22,从一段到三段啦！都是他的陪伴，宝宝很健康也很喜欢！,5,好评
贝因美(Beingmate) 金装爱+ 幼儿配方奶粉 3段(12-36个月幼儿适用) 1000克,2018-01-22,我家宝宝一直都吃这个牌子不上火还不爱生病我们都吃了五年呢还会一直吃这个牌子的,5,好评
贝因美(Beingmate) 金装爱+ 幼儿配方奶粉 3段(12-36个月幼儿适用) 1000克,2018-01-22,老牌子，宝宝喝着还行吧，就是喝着一股豆子味道，估计豆子掺的多,5,好评
贝因美(Beingmate) 金装爱+ 幼儿配方奶粉 3段(12-36个月幼儿适用) 1000克,2018-01-22,孩子一直喝这个，还不错，很健康,5,好评
贝因美(Beingmate) 金装爱+ 幼儿配方奶粉 3段(12-36个月幼儿适用) 1000克,2018-01-22,宝宝的奶粉快吃完了，所以毫不犹豫的又买了一罐。一直信赖贝因美！,5,好评
贝因美(Beingmate) 金装爱+ 幼儿配方奶粉 3段(12-36个月幼儿适用) 1000克,2018-01-22,这是第三次买了，奶粉很好，宝贝很喜欢，,5,好评
贝因美(Beingmate) 金装爱+ 幼儿配方奶粉 3段(12-36个月幼儿适用) 1000克,2018-01-22,一直信任京东，京东送货快，服务好，还会再来光顾的,5,好评
贝因美(Beingmate) 金装爱+ 幼儿配方奶粉 3段(12-36个月幼儿适用) 1000克,2018-01-22,一直信任京东，京东送货快，服务好，还会再来光顾的,5,好评
贝因美(Beingmate) 金装爱+ 幼儿配方奶粉 3段(12-36个月幼儿适用) 1000克,2018-01-22,奶粉很好，快递也好快,5,好评
贝因美(Beingmate) 金装爱+ 幼儿配方奶粉 3段(12-36个月幼儿适用) 1000克,2018-01-22,买了很多次，很多次了，不知道该怎么评价了。,5,好评
贝因美(Beingmate) 金装爱+ 幼儿配方奶粉 3段(12-36个月幼儿适用) 1000克,2018-01-22,多次购买了，俩娃伤不起啊，喝的太快了,5,好评
贝因美(Beingmate) 金装爱+ 幼儿配方奶粉 3段(12-36个月幼儿适用) 1000克,2018-01-22,就觉得好吃那就看看很想很想就经济学家家电家具打开看看你继续几点就几点就看到基本上是v,5,好评
贝因美(Beingmate) 金装爱+ 幼儿配方奶粉 3段(12-36个月幼儿适用) 1000克,2018-01-22,用了一年半的贝因美。非常好,5,好评
贝因美(Beingmate) 金装爱+ 幼儿配方奶粉 3段(12-36个月幼儿适用) 1000克,2018-01-22,此用户未及时评价，系统默认好评。,5,好评
贝因美(Beingmate) 金装爱+ 幼儿配方奶粉 3段(12-36个月幼儿适用) 1000克,2018-01-22,很好，很好，很好   奶粉一直在京东购买  送货速度快~~~~,5,好评
贝因美(Beingmate) 金装爱+ 幼儿配方奶粉 3段(12-36个月幼儿适用) 1000克,2018-01-22,此用户未及时评价，系统默认好评。,5,好评
贝因美(Beingmate) 金装爱+ 幼儿配方奶粉 3段(12-36个月幼儿适用) 1000克,2018-01-22,味道很浓，很香，宝宝之前喝的贝因美其他系列的，味道很清淡，跟这个不太一样，希望宝宝爱喝吧！,5,好评
贝因美(Beingmate) 金装爱+ 幼儿配方奶粉 3段(12-36个月幼儿适用) 1000克,2018-01-22,此用户未及时评价，系统默认好评。,5,好评
贝因美(Beingmate) 金装爱+ 幼儿配方奶粉 3段(12-36个月幼儿适用) 1000克,2018-01-22,一直再买，物流非常快。非常好,5,好评
贝因美(Beingmate) 金装爱+ 幼儿配方奶粉 3段(12-36个月幼儿适用) 1000克,2018-01-22,这是第四次购买了，值得信任！,5,好评
贝因美(Beingmate) 金装爱+ 幼儿配方奶粉 3段(12-36个月幼儿适用) 1000克,2018-01-22,老客户了，东西不错，质量不错，下次继续,5,好评
贝因美(Beingmate) 金装爱+ 幼儿配方奶粉 3段(12-36个月幼儿适用) 1000克,2018-01-22,昨晚买的，早上就到了。物流很快。一直买的这个牌子。不错,5,好评
贝因美(Beingmate) 金装爱+ 幼儿配方奶粉 3段(12-36个月幼儿适用) 1000克,2018-01-22,一直买的，很方便，只是为什么以前每桶能积3百多分，这次每桶只有50积分了?,5,好评
贝因美(Beingmate) 金装爱+ 幼儿配方奶粉 3段(12-36个月幼儿适用) 1000克,2018-01-22,奶粉已收到，速度超快，宝宝一直吃的放心奶粉！,5,好评
贝因美(Beingmate) 金装爱+ 幼儿配方奶粉 3段(12-36个月幼儿适用) 1000克,2018-01-22,一直在订京东自营奶粉，希望京东自营一如既往的保证品质，切勿坑害消费者,5,好评
贝因美(Beingmate) 金装爱+ 幼儿配方奶粉 3段(12-36个月幼儿适用) 1000克,2018-01-22,帮朋友买的，朋友说还行吧，挺好的宝宝爱喝！,5,好评
贝因美(Beingmate) 金装爱+ 幼儿配方奶粉 3段(12-36个月幼儿适用) 1000克,2018-01-22,贝因美爱+系列奶粉勺子,5,好评
贝因美(Beingmate) 金装爱+ 幼儿配方奶粉 3段(12-36个月幼儿适用) 1000克,2018-01-22,好，一直吃的这种奶粉，送货也很快,5,好评
贝因美(Beingmate) 金装爱+ 幼儿配方奶粉 3段(12-36个月幼儿适用) 1000克,2018-01-22,物流非常快，是正品，包装很好没有变形,5,好评
贝因美(Beingmate) 金装爱+ 幼儿配方奶粉 3段(12-36个月幼儿适用) 1000克,2018-01-22,一如即往的号，一直以来都用这款奶粉。很不错,5,好评
贝因美(Beingmate) 金装爱+ 幼儿配方奶粉 3段(12-36个月幼儿适用) 1000克,2018-01-22,一直吃的牌子，很不错,5,好评
贝因美(Beingmate) 金装爱+ 幼儿配方奶粉 3段(12-36个月幼儿适用) 1000克,2018-01-22,一直吃的牌子，很好的！！！,5,好评
贝因美(Beingmate) 金装爱+ 幼儿配方奶粉 3段(12-36个月幼儿适用) 1000克,2018-01-22,京东商品不错，发货快，好,5,好评
贝因美(Beingmate) 金装爱+ 幼儿配方奶粉 3段(12-36个月幼儿适用) 1000克,2018-01-22,女儿刚换的奶粉喝着挺不错的，小盆友很喜欢喝，下次还买这种奶粉。,5,好评
贝因美(Beingmate) 金装爱+ 幼儿配方奶粉 3段(12-36个月幼儿适用) 1000克,2018-01-22,吃过一段时间了，女儿并不排斥，打算再继续吃一段时间！,5,好评
贝因美(Beingmate) 金装爱+ 幼儿配方奶粉 3段(12-36个月幼儿适用) 1000克,2018-01-22,商品很好，就是包装太简陋,5,好评
贝因美(Beingmate) 金装爱+ 幼儿配方奶粉 3段(12-36个月幼儿适用) 1000克,2018-01-22,以前经常超市买发现京东更便宜实惠,5,好评
贝因美(Beingmate) 金装爱+ 幼儿配方奶粉 3段(12-36个月幼儿适用) 1000克,2018-01-22,一直喝这个，一直京东买，方便，安全,5,好评
贝因美(Beingmate) 金装爱+ 幼儿配方奶粉 3段(12-36个月幼儿适用) 1000克,2018-01-22,我家宝宝一直喝贝因美爱加奶粉  奶粉质量很好 口感好宝宝爱喝  有的奶粉宝宝喝了上火  这款奶粉不会上火  所以会让宝宝一直喝这款奶粉,5,好评
贝因美(Beingmate) 金装爱+ 幼儿配方奶粉 3段(12-36个月幼儿适用) 1000克,2018-01-22,奶粉是正品，一直都是买这个牌子，价格也优惠,5,好评
贝因美(Beingmate) 金装爱+ 幼儿配方奶粉 3段(12-36个月幼儿适用) 1000克,2018-01-22,一直支持京东自营，物流快质量可靠,5,好评
贝因美(Beingmate) 金装爱+ 幼儿配方奶粉 3段(12-36个月幼儿适用) 1000克,2018-01-22,京东一如既往的支持，速度快,5,好评
贝因美(Beingmate) 金装爱+ 幼儿配方奶粉 3段(12-36个月幼儿适用) 1000克,2018-01-22,给我姐家小孩买的，一直都喝这个牌子的，不错挺好的,5,好评
贝因美(Beingmate) 金装爱+ 幼儿配方奶粉 3段(12-36个月幼儿适用) 1000克,2018-01-21,老客户了，一直很喜欢买、侄女都很喜欢吃、希望活动多多,5,好评
贝因美(Beingmate) 金装爱+ 幼儿配方奶粉 3段(12-36个月幼儿适用) 1000克,2018-01-21,可以，吃了三罐了，宝宝喝也还行,5,好评
贝因美(Beingmate) 金装爱+ 幼儿配方奶粉 3段(12-36个月幼儿适用) 1000克,2018-01-21,真心累，小勺能不能别发了，家里多的无语了，换点别的吧??,4,中评
贝因美(Beingmate) 金装爱+ 幼儿配方奶粉 3段(12-36个月幼儿适用) 1000克,2018-01-21,我又没喝。感觉是不孬。,5,好评
贝因美(Beingmate) 金装爱+ 幼儿配方奶粉 3段(12-36个月幼儿适用) 1000克,2018-01-21,发货很快，比超市便宜多了,5,好评
贝因美(Beingmate) 金装爱+ 幼儿配方奶粉 3段(12-36个月幼儿适用) 1000克,2018-01-21,一直喝的这奶粉，不错，一如既往的支持！！！！！！京东发货也快。,5,好评
贝因美(Beingmate) 金装爱+ 幼儿配方奶粉 3段(12-36个月幼儿适用) 1000克,2018-01-21,很好和在店里买的一样，不错,5,好评
贝因美(Beingmate) 金装爱+ 幼儿配方奶粉 3段(12-36个月幼儿适用) 1000克,2018-01-21,不错和实体店的一样'也很实惠,5,好评
贝因美(Beingmate) 金装爱+ 幼儿配方奶粉 3段(12-36个月幼儿适用) 1000克,2018-01-21,一直给宝宝和贝因美，里面有乳铁蛋白，能增强抵抗力，希望是正品，毕竟是给宝宝吃的东西！,5,好评
贝因美(Beingmate) 金装爱+ 幼儿配方奶粉 3段(12-36个月幼儿适用) 1000克,2018-01-21,小孩非常喜欢喝，味道不错。,5,好评
贝因美(Beingmate) 金装爱+ 幼儿配方奶粉 3段(12-36个月幼儿适用) 1000克,2018-01-21,宝贝一直吃的这个，很不错，又不上火,5,好评
贝因美(Beingmate) 金装爱+ 幼儿配方奶粉 3段(12-36个月幼儿适用) 1000克,2018-01-21,正品，速度快，比超市便宜，乡镇来回142公里当天就能送到，配送员辛苦了,5,好评
贝因美(Beingmate) 金装爱+ 幼儿配方奶粉 3段(12-36个月幼儿适用) 1000克,2018-01-21,和之前的一样，包装完好，物流快，快递大哥态度好，我们家的东西一直都是这位大哥送。都给五星,5,好评
贝因美(Beingmate) 金装爱+ 幼儿配方奶粉 3段(12-36个月幼儿适用) 1000克,2018-01-21,一直在用贝因美的奶粉，老大就是吃的金装爱+，老二也要用,5,好评
贝因美(Beingmate) 金装爱+ 幼儿配方奶粉 3段(12-36个月幼儿适用) 1000克,2018-01-21,宝宝一直喝贝因美金爱+的奶粉很好。,5,好评
贝因美(Beingmate) 金装爱+ 幼儿配方奶粉 3段(12-36个月幼儿适用) 1000克,2018-01-21,奶粉宝宝喜欢喝，味道清淡适合宝宝。,5,好评
贝因美(Beingmate) 金装爱+ 幼儿配方奶粉 3段(12-36个月幼儿适用) 1000克,2018-01-21,奶粉宝宝喜欢喝，味道清淡适合宝宝。,5,好评
贝因美(Beingmate) 金装爱+ 幼儿配方奶粉 3段(12-36个月幼儿适用) 1000克,2018-01-21,此用户未填写评价内容,5,好评
贝因美(Beingmate) 金装爱+ 幼儿配方奶粉 3段(12-36个月幼儿适用) 1000克,2018-01-21,好，已经第5次购买了。应该是正品。,5,好评
贝因美(Beingmate) 金装爱+ 幼儿配方奶粉 3段(12-36个月幼儿适用) 1000克,2018-01-21,小孩子一直在吃！！！！,5,好评
贝因美(Beingmate) 金装爱+ 幼儿配方奶粉 3段(12-36个月幼儿适用) 1000克,2018-01-21,小孩一直在吃！！！！,5,好评
贝因美(Beingmate) 金装爱+ 幼儿配方奶粉 3段(12-36个月幼儿适用) 1000克,2018-01-21,京东值得信赖，刚开始给宝宝添加奶粉，买小罐的试一试，还不错！值得购买！,5,好评
贝因美(Beingmate) 金装爱+ 幼儿配方奶粉 3段(12-36个月幼儿适用) 1000克,2018-01-21,一直都用贝因美，信赖国产品牌。,5,好评
贝因美(Beingmate) 金装爱+ 幼儿配方奶粉 3段(12-36个月幼儿适用) 1000克,2018-01-21,日期新鲜，价格便宜，买了好多次了一如既往的好！,5,好评
贝因美(Beingmate) 金装爱+ 幼儿配方奶粉 3段(12-36个月幼儿适用) 1000克,2018-01-21,先吃这个，后来换了，现在又开始吃这个贝因美了,5,好评
贝因美(Beingmate) 金装爱+ 幼儿配方奶粉 3段(12-36个月幼儿适用) 1000克,2018-01-21,对京东越来越失望，给孩子买的奶粉竟然变形了，前段时间预约购买小米电视，等了几天熬到凌晨等到买的时候价格竟然长 如此没有信誉的京东,5,好评
贝因美(Beingmate) 金装爱+ 幼儿配方奶粉 3段(12-36个月幼儿适用) 1000克,2018-01-21,东西收到了还行，就是买京东自营的，同样的东西为什么有两个价格，比我买的价格便宜,5,好评
贝因美(Beingmate) 金装爱+ 幼儿配方奶粉 3段(12-36个月幼儿适用) 1000克,2018-01-21,很好，都是正品，快递送到的也很快,5,好评
贝因美(Beingmate) 金装爱+ 幼儿配方奶粉 3段(12-36个月幼儿适用) 1000克,2018-01-21,很好，都是正品，快递送到的也很快,5,好评
贝因美(Beingmate) 金装爱+ 幼儿配方奶粉 3段(12-36个月幼儿适用) 1000克,2018-01-21,应该发三个白勺子，居然发了一个白的，三个蓝色的勺，蓝色勺比白色勺多了一倍，亏我仔细对比了一下，否则直接拿回老家，老人冲奶粉又不会看勺子，直接按蓝勺子的样子给孩子喂奶，岂不是要出事!打客服电话，不了了之。。。很不负责任的客服,1,差评
贝因美(Beingmate) 金装爱+ 幼儿配方奶粉 3段(12-36个月幼儿适用) 1000克,2018-01-21,经常光顾了 价格实惠宝宝喜欢！,5,好评
贝因美(Beingmate) 金装爱+ 幼儿配方奶粉 3段(12-36个月幼儿适用) 1000克,2018-01-21,很好 不错宝宝很喜欢   以后就买这个了,5,好评
贝因美(Beingmate) 金装爱+ 幼儿配方奶粉 3段(12-36个月幼儿适用) 1000克,2018-01-21,多次购买了，不多言。只是价格老变化，或许是商家套路吧,5,好评
贝因美(Beingmate) 金装爱+ 幼儿配方奶粉 3段(12-36个月幼儿适用) 1000克,2018-01-21,我家宝宝的奶粉都在京东上买的，很好，,5,好评
贝因美(Beingmate) 金装爱+ 幼儿配方奶粉 3段(12-36个月幼儿适用) 1000克,2018-01-21,好，以收到，京东就是快好好,5,好评
贝因美(Beingmate) 金装爱+ 幼儿配方奶粉 3段(12-36个月幼儿适用) 1000克,2018-01-21,挺好的，孩子一直在喝,5,好评
贝因美(Beingmate) 金装爱+ 幼儿配方奶粉 3段(12-36个月幼儿适用) 1000克,2018-01-21,宝宝一直喝的这款奶粉，也很爱喝，信赖京东自营品牌,5,好评
贝因美(Beingmate) 金装爱+ 幼儿配方奶粉 3段(12-36个月幼儿适用) 1000克,2018-01-21,跟以前在实体店买的一样，宝宝爱喝，物流也快，价格也划算。,5,好评
贝因美(Beingmate) 金装爱+ 幼儿配方奶粉 3段(12-36个月幼儿适用) 1000克,2018-01-21,宝贝收到了 速度杠杠的 昨天下单 今天上午就送到 以前都是整箱整箱的入 现在宝宝大了 一次少买点 喝的没那么多了 想着给他喝纯牛奶 但是还是奶粉比较好 配方奶粉好消化 好吸收,5,好评
贝因美(Beingmate) 金装爱+ 幼儿配方奶粉 3段(12-36个月幼儿适用) 1000克,2018-01-21,喝了一桶，感觉挺清淡的，又买了一桶，不懂奶粉。感觉京东还可以,5,好评
贝因美(Beingmate) 金装爱+ 幼儿配方奶粉 3段(12-36个月幼儿适用) 1000克,2018-01-21,很好一直在京东自营买的是正品,5,好评
贝因美(Beingmate) 金装爱+ 幼儿配方奶粉 3段(12-36个月幼儿适用) 1000克,2018-01-21,买过好几回了，还是喜欢喝。,5,好评
贝因美(Beingmate) 金装爱+ 幼儿配方奶粉 3段(12-36个月幼儿适用) 1000克,2018-01-21,用上优惠券比外面母婴店便宜多了，还会继续购买,5,好评
贝因美(Beingmate) 金装爱+ 幼儿配方奶粉 3段(12-36个月幼儿适用) 1000克,2018-01-21,还不错，自从宝宝断奶后一直在喝，也不便秘，挺好的，就是觉得价格变动太大了～,5,好评
贝因美(Beingmate) 金装爱+ 幼儿配方奶粉 3段(12-36个月幼儿适用) 1000克,2018-01-21,娃娃一直吃的贝因美，安全放心，值得称赞。,5,好评
贝因美(Beingmate) 金装爱+ 幼儿配方奶粉 3段(12-36个月幼儿适用) 1000克,2018-01-21,此用户未填写评价内容,5,好评
贝因美(Beingmate) 金装爱+ 幼儿配方奶粉 3段(12-36个月幼儿适用) 1000克,2018-01-21,很好，一直都在京东购买。,5,好评
贝因美(Beingmate) 金装爱+ 幼儿配方奶粉 3段(12-36个月幼儿适用) 1000克,2018-01-21,一直在京东买的奶粉，从一段到三段，宝宝吃了还不错,5,好评
贝因美(Beingmate) 金装爱+ 幼儿配方奶粉 3段(12-36个月幼儿适用) 1000克,2018-01-21,已经买给多次了，京东自营的放心,5,好评
贝因美(Beingmate) 金装爱+ 幼儿配方奶粉 3段(12-36个月幼儿适用) 1000克,2018-01-21,很好，跟超市里买的一样,5,好评
贝因美(Beingmate) 金装爱+ 幼儿配方奶粉 3段(12-36个月幼儿适用) 1000克,2018-01-21,味道还行，不过本来想买的是爱他美,5,好评
贝因美(Beingmate) 金装爱+ 幼儿配方奶粉 3段(12-36个月幼儿适用) 1000克,2018-01-21,很好，是正品，每次都从这买！,5,好评
贝因美(Beingmate) 金装爱+ 幼儿配方奶粉 3段(12-36个月幼儿适用) 1000克,2018-01-21,一直在喝爱+的！喝起来很好！很满意！,5,好评
贝因美(Beingmate) 金装爱+ 幼儿配方奶粉 3段(12-36个月幼儿适用) 1000克,2018-01-21,第三次购买了，价格每次都不一样，不过，活动期间调价还是能接受的，只要奶粉质量有保证，就很满意了,5,好评
贝因美(Beingmate) 金装爱+ 幼儿配方奶粉 3段(12-36个月幼儿适用) 1000克,2018-01-21,给孩子换一样奶粉试试,5,好评
贝因美(Beingmate) 金装爱+ 幼儿配方奶粉 3段(12-36个月幼儿适用) 1000克,2018-01-21,从宝宝出生就喝这个奶粉，现在14个月了，宝宝体质还算可以，很聪明的宝宝。这个奶粉的价格变动很大，一定要在促销的时候买,5,好评
贝因美(Beingmate) 金装爱+ 幼儿配方奶粉 3段(12-36个月幼儿适用) 1000克,2018-01-21,女儿一直吃这牌子的奶粉！,5,好评
贝因美(Beingmate) 金装爱+ 幼儿配方奶粉 3段(12-36个月幼儿适用) 1000克,2018-01-21,买几次了，应该是正品,5,好评
贝因美(Beingmate) 金装爱+ 幼儿配方奶粉 3段(12-36个月幼儿适用) 1000克,2018-01-21,京东次日达，奶粉一天就到了，囤货中宝宝还没有喝，相信京东的产品，喜欢在京东买东西！,5,好评
贝因美(Beingmate) 金装爱+ 幼儿配方奶粉 3段(12-36个月幼儿适用) 1000克,2018-01-21,东西不错，孩子一直都喜欢喝。己经买了很多次了,5,好评
贝因美(Beingmate) 金装爱+ 幼儿配方奶粉 3段(12-36个月幼儿适用) 1000克,2018-01-20,相信京东，相信贝因美，家里两个孩子都吃的它长大,5,好评
贝因美(Beingmate) 金装爱+ 幼儿配方奶粉 3段(12-36个月幼儿适用) 1000克,2018-01-20,一直用这个牌子的，囤货中，包装可以，京东购物方便快捷，值得信赖,5,好评
贝因美(Beingmate) 金装爱+ 幼儿配方奶粉 3段(12-36个月幼儿适用) 1000克,2018-01-20,一直都买的贝因美，很好,5,好评
贝因美(Beingmate) 金装爱+ 幼儿配方奶粉 3段(12-36个月幼儿适用) 1000克,2018-01-20,还可以，比实体店便宜多了，一直都是这个,5,好评
贝因美(Beingmate) 金装爱+ 幼儿配方奶粉 3段(12-36个月幼儿适用) 1000克,2018-01-20,奶粉收到了喝了几次了没有不良反应，以前喝过盒装400g的，没有这个罐装实惠，以后需要还会来的。 扫码了还给了积分，是正品。,5,好评
贝因美(Beingmate) 金装爱+ 幼儿配方奶粉 3段(12-36个月幼儿适用) 1000克,2018-01-20,不错，宝宝很喜欢。。。。。。。。。,5,好评
贝因美(Beingmate) 金装爱+ 幼儿配方奶粉 3段(12-36个月幼儿适用) 1000克,2018-01-20,不错，宝宝很喜欢。。。。。。。。。,5,好评
贝因美(Beingmate) 金装爱+ 幼儿配方奶粉 3段(12-36个月幼儿适用) 1000克,2018-01-20,一直喝这个品牌，反正喝完又买，都不懂买多少次了,5,好评
贝因美(Beingmate) 金装爱+ 幼儿配方奶粉 3段(12-36个月幼儿适用) 1000克,2018-01-20,奶粉已经吃好久了，一直都在这里买的，非常好还会继续购买。,5,好评
贝因美(Beingmate) 金装爱+ 幼儿配方奶粉 3段(12-36个月幼儿适用) 1000克,2018-01-20,京东自营值得信赖，经常在这里给孩子买奶粉，这次的日期是九月二十二号的，就是这价格经常变来变去的，最近一直价格贵，只能经常关注，遇到低价买几桶，最赞就是它的物流，上午下单下午送达，避免孩子接不住断了炊，快递员素质挺好。,5,好评
贝因美(Beingmate) 金装爱+ 幼儿配方奶粉 3段(12-36个月幼儿适用) 1000克,2018-01-20,宝贝不错，扫码是正品，很喜欢一直用这个牌子很久没喝了，儿子试喝了一下还不错,5,好评
贝因美(Beingmate) 金装爱+ 幼儿配方奶粉 3段(12-36个月幼儿适用) 1000克,2018-01-20,"? ? ? 
女人要美就得补水，韩菲诗高保湿活性萃取精华补水面膜，萃取高保湿活性成分，快速注入水润能量，肌肤告别&ldquo;干&rdquo;尬常态！",5,好评
贝因美(Beingmate) 金装爱+ 幼儿配方奶粉 3段(12-36个月幼儿适用) 1000克,2018-01-20,"? ? ? 
女人要美就得补水，韩菲诗高保湿活性萃取精华补水面膜，萃取高保湿活性成分，快速注入水润能量，肌肤告别&ldquo;干&rdquo;尬常态！",5,好评
贝因美(Beingmate) 金装爱+ 幼儿配方奶粉 3段(12-36个月幼儿适用) 1000克,2018-01-20,已经吃了一箱了，感觉还可以，所以又买了一箱！！,5,好评
贝因美(Beingmate) 金装爱+ 幼儿配方奶粉 3段(12-36个月幼儿适用) 1000克,2018-01-20,宝贝两岁了，一直在吃这个奶粉，很好,5,好评
贝因美(Beingmate) 金装爱+ 幼儿配方奶粉 3段(12-36个月幼儿适用) 1000克,2018-01-20,现在已经基本固定在京东买奶粉哦，质量一如既往的好，到货的也快,5,好评
贝因美(Beingmate) 金装爱+ 幼儿配方奶粉 3段(12-36个月幼儿适用) 1000克,2018-01-20,我买奶粉喜欢在京东超市买，第二天就到了，东西质量也有保障,5,好评
贝因美(Beingmate) 金装爱+ 幼儿配方奶粉 3段(12-36个月幼儿适用) 1000克,2018-01-20,贝因美国产大品牌，放心购买,5,好评
贝因美(Beingmate) 金装爱+ 幼儿配方奶粉 3段(12-36个月幼儿适用) 1000克,2018-01-20,小孩喜欢喝这款产品，一直信赖京东的服务和质量，另外小孩个子长的大。,5,好评
贝因美(Beingmate) 金装爱+ 幼儿配方奶粉 3段(12-36个月幼儿适用) 1000克,2018-01-20,东西还不错，京东值得信赖,5,好评
贝因美(Beingmate) 金装爱+ 幼儿配方奶粉 3段(12-36个月幼儿适用) 1000克,2018-01-20,一次买了好多了，很方便 品种也很齐全，省去了去超市的时间，东西比超市还便宜，非常方便，生鲜很新鲜，送过来冰块都没有化，包装也很好，没有任何破损，快递小哥认真负责，送到家里，真的非常满意。,5,好评
贝因美(Beingmate) 金装爱+ 幼儿配方奶粉 3段(12-36个月幼儿适用) 1000克,2018-01-20,很好的奶粉一直喝这个宝贝爱喝,5,好评
贝因美(Beingmate) 金装爱+ 幼儿配方奶粉 3段(12-36个月幼儿适用) 1000克,2018-01-20,一直买京东的商品，已是超级VIP了，产品的质量信得过，物流速度简直不能更赞了，快递小哥的服务态度真心好呢，没接到电话就发信息，发了信息，没见回复，接着打电话，注重语气让人感觉很舒服，现在京东的品类越来越齐全，各类商家店铺加入，活动也很多，已经习惯了网购，慢慢摒弃了超市购物。,5,好评
贝因美(Beingmate) 金装爱+ 幼儿配方奶粉 3段(12-36个月幼儿适用) 1000克,2018-01-20,一直买京东的商品，已是超级VIP了，产品的质量信得过，物流速度简直不能更赞了，快递小哥的服务态度真心好呢，没接到电话就发信息，发了信息，没见回复，接着打电话，注重语气让人感觉很舒服，现在京东的品类越来越齐全，各类商家店铺加入，活动也很多，已经习惯了网购，慢慢摒弃了超市购物。,5,好评
贝因美(Beingmate) 金装爱+ 幼儿配方奶粉 3段(12-36个月幼儿适用) 1000克,2018-01-20,从小到大就喝这一款奶粉，还不错，也不会太甜,5,好评
贝因美(Beingmate) 金装爱+ 幼儿配方奶粉 3段(12-36个月幼儿适用) 1000克,2018-01-20,一直用这个品牌，也一直在京东上购买，值得信赖！,5,好评
贝因美(Beingmate) 金装爱+ 幼儿配方奶粉 3段(12-36个月幼儿适用) 1000克,2018-01-20,在京东买了很长时间了，质量没问题，非常好,5,好评
贝因美(Beingmate) 金装爱+ 幼儿配方奶粉 3段(12-36个月幼儿适用) 1000克,2018-01-20,和超市卖的奶粉一样，通过奶粉桶底的扫码识别，能得到认可，货真价实，可靠。,5,好评
贝因美(Beingmate) 金装爱+ 幼儿配方奶粉 3段(12-36个月幼儿适用) 1000克,2018-01-20,很好，一直吃的这个贝因美爱＋,5,好评
贝因美(Beingmate) 金装爱+ 幼儿配方奶粉 3段(12-36个月幼儿适用) 1000克,2018-01-20,非常好！质量值得信赖！我们一直都在京东自营买这款奶粉！超赞！,5,好评
贝因美(Beingmate) 金装爱+ 幼儿配方奶粉 3段(12-36个月幼儿适用) 1000克,2018-01-20,奶粉是正品，宝宝经常喝，会继续购买,5,好评
贝因美(Beingmate) 金装爱+ 幼儿配方奶粉 3段(12-36个月幼儿适用) 1000克,2018-01-20,质量很好，很满意，好评,5,好评
贝因美(Beingmate) 金装爱+ 幼儿配方奶粉 3段(12-36个月幼儿适用) 1000克,2018-01-20,奶粉收到了，宝宝爱喝，喝完再买,5,好评
贝因美(Beingmate) 金装爱+ 幼儿配方奶粉 3段(12-36个月幼儿适用) 1000克,2018-01-20,一直用这个牌子，值得信赖,5,好评
贝因美(Beingmate) 金装爱+ 幼儿配方奶粉 3段(12-36个月幼儿适用) 1000克,2018-01-20,第三次买了，孩子喜欢喝，其他的没看出来，还会继续购买，因为我的宝贝爱喝,5,好评
贝因美(Beingmate) 金装爱+ 幼儿配方奶粉 3段(12-36个月幼儿适用) 1000克,2018-01-20,奶粉不错，给孩子换个口味，蛮适应的,5,好评
贝因美(Beingmate) 金装爱+ 幼儿配方奶粉 3段(12-36个月幼儿适用) 1000克,2018-01-20,京东自营物美价廉，速度不错,5,好评
贝因美(Beingmate) 金装爱+ 幼儿配方奶粉 3段(12-36个月幼儿适用) 1000克,2018-01-20,以前不知道评价还能赚钱，现在我习惯性的复制粘贴。,5,好评
贝因美(Beingmate) 金装爱+ 幼儿配方奶粉 3段(12-36个月幼儿适用) 1000克,2018-01-20,一直在喝这个牌子的奶粉，宝宝爱喝,5,好评
贝因美(Beingmate) 金装爱+ 幼儿配方奶粉 3段(12-36个月幼儿适用) 1000克,2018-01-20,非常好，一直买，是正品，价格合理，宝宝喜欢,5,好评
贝因美(Beingmate) 金装爱+ 幼儿配方奶粉 3段(12-36个月幼儿适用) 1000克,2018-01-20,一直在京东买孩子的奶粉，还挺好,5,好评
贝因美(Beingmate) 金装爱+ 幼儿配方奶粉 3段(12-36个月幼儿适用) 1000克,2018-01-20,己收到，从下单到收货，只用了几个小时，服务好，配送快。,5,好评
贝因美(Beingmate) 金装爱+ 幼儿配方奶粉 3段(12-36个月幼儿适用) 1000克,2018-01-20,宝宝一直吃的这个，很好，很实惠，一直信赖这个牌子，感谢京东,5,好评
贝因美(Beingmate) 金装爱+ 幼儿配方奶粉 3段(12-36个月幼儿适用) 1000克,2018-01-20,不知道怎么回事，换了这个后一直上火。,5,好评
贝因美(Beingmate) 金装爱+ 幼儿配方奶粉 3段(12-36个月幼儿适用) 1000克,2018-01-20,东西还行，宝贝一直喝，国产品牌里比较信任的品牌,5,好评
贝因美(Beingmate) 金装爱+ 幼儿配方奶粉 3段(12-36个月幼儿适用) 1000克,2018-01-20,速度快性价比高一直在京东购物,5,好评
贝因美(Beingmate) 金装爱+ 幼儿配方奶粉 3段(12-36个月幼儿适用) 1000克,2018-01-20,不错，宝宝一直在喝这个牌子的奶粉，我是老用户了，经常买。,5,好评
